case_id,slide_id,label,path
7535d9c1,7535d9c1-b122-49d1-a27e-4367cb530025,DRESS,Dataset/DRESS\7535d9c1-b122-49d1-a27e-4367cb530025
b8b4ea17,b8b4ea17-dcd4-40d9-a829-99179b05f9a2,DRESS,Dataset/DRESS\b8b4ea17-dcd4-40d9-a829-99179b05f9a2
DRESS_12,00006327,DRESS,Dataset/DRESS\DRESS_12-1_BD2023_00006327__2024-06-22_03.20.09
DRESS_12,00006328,DRESS,Dataset/DRESS\DRESS_12-2_BD2023_00006328__2024-06-22_03.25.50
DRESS_12,00006329,DRESS,Dataset/DRESS\DRESS_12-3_BD2023_00006329__2024-06-22_03.30.00
DRESS_12,00006330,DRESS,Dataset/DRESS\DRESS_12-4_BD2023_00006330__2024-06-22_03.35.21
DRESS_14,00006331,DRESS,Dataset/DRESS\DRESS_14-1_BD2023_00006331__2024-06-22_03.40.34
DRESS_14,00006332,DRESS,Dataset/DRESS\DRESS_14-2_BD2023_00006332__2024-06-22_03.42.12
DRESS_16,00006333,DRESS,Dataset/DRESS\DRESS_16-1_BD2023_00006333__2024-06-22_03.43.50
DRESS_16,00006334,DRESS,Dataset/DRESS\DRESS_16-2_BD2023_00006334__2024-06-22_03.50.06
DRESS_17,00006335,DRESS,Dataset/DRESS\DRESS_17-1_BD2023_00006335__2024-06-22_03.56.53
DRESS_17,00006336,DRESS,Dataset/DRESS\DRESS_17-2_BD2023_00006336__2024-06-22_04.04.05
DRESS_18,00006337,DRESS,Dataset/DRESS\DRESS_18-1_BD2023_00006337__2024-06-22_04.17.15
DRESS_18,00006338,DRESS,Dataset/DRESS\DRESS_18-2_BD2023_00006338__2024-06-22_04.25.18
DRESS_18,00006339,DRESS,Dataset/DRESS\DRESS_18-3_BD2023_00006339__2024-06-22_04.33.38
DRESS_18,00006340,DRESS,Dataset/DRESS\DRESS_18-4_BD2023_00006340__2024-06-22_04.38.08
DRESS_2,00006315,DRESS,Dataset/DRESS\DRESS_2-1_BD2023_00006315__2024-06-22_02.12.58
DRESS_2,00006316,DRESS,Dataset/DRESS\DRESS_2-2_BD2023_00006316__2024-06-22_02.17.32
DRESS_2,00006317,DRESS,Dataset/DRESS\DRESS_2-3_BD2023_00006317__2024-06-22_02.24.15
DRESS_2,00006318,DRESS,Dataset/DRESS\DRESS_2-4_BD2023_00006318__2024-06-22_02.29.45
DRESS_20,00006341,DRESS,Dataset/DRESS\DRESS_20-1_BD2023_00006341__2024-06-22_04.41.27
DRESS_20,00006342,DRESS,Dataset/DRESS\DRESS_20-2_BD2023_00006342__2024-06-22_04.49.21
DRESS_20,00006343,DRESS,Dataset/DRESS\DRESS_20-3_BD2023_00006343__2024-06-22_04.58.59
DRESS_23,00006344,DRESS,Dataset/DRESS\DRESS_23-1_BD2023_00006344__2024-06-22_05.05.12
DRESS_23,00006345,DRESS,Dataset/DRESS\DRESS_23-2_BD2023_00006345__2024-06-22_05.11.42
DRESS_27,00006404,DRESS,Dataset/DRESS\DRESS_27-1_BD2023_00006404__2024-06-21_22.15.03
DRESS_27,00006405,DRESS,Dataset/DRESS\DRESS_27-2_BD2023_00006405__2024-06-21_22.23.17
DRESS_27,00006406,DRESS,Dataset/DRESS\DRESS_27-3_BD2023_00006406__2024-06-21_22.31.52
DRESS_28,00006346,DRESS,Dataset/DRESS\DRESS_28-1_BD2023_00006346__2024-06-22_05.18.00
DRESS_28,00006347,DRESS,Dataset/DRESS\DRESS_28-2_BD2023_00006347__2024-06-22_05.25.30
DRESS_3,00006319,DRESS,Dataset/DRESS\DRESS_3-1_BD2023_00006319__2024-06-22_02.35.39
DRESS_3,00006320,DRESS,Dataset/DRESS\DRESS_3-2_BD2023_00006320__2024-06-22_02.40.51
DRESS_3,00006321,DRESS,Dataset/DRESS\DRESS_3-3_BD2023_00006321__2024-06-22_02.45.56
DRESS_30,00006348,DRESS,Dataset/DRESS\DRESS_30-1_BD2023_00006348__2024-06-22_05.33.16
DRESS_30,00006349,DRESS,Dataset/DRESS\DRESS_30-2_BD2023_00006349__2024-06-22_05.41.00
DRESS_33,00006350,DRESS,Dataset/DRESS\DRESS_33-1_BD2023_00006350__2024-06-21_22.40.05
DRESS_33,00006351,DRESS,Dataset/DRESS\DRESS_33-2_BD2023_00006351__2024-06-21_22.48.07
DRESS_33,00006352,DRESS,Dataset/DRESS\DRESS_33-3_BD2023_00006352__2024-06-21_22.55.42
DRESS_33,00006353,DRESS,Dataset/DRESS\DRESS_33-4_BD2023_00006353__2024-06-21_23.03.14
DRESS_35,00006354,DRESS,Dataset/DRESS\DRESS_35-1_BD2023_00006354__2024-06-21_23.11.10
DRESS_35,00006355,DRESS,Dataset/DRESS\DRESS_35-2_BD2023_00006355__2024-06-21_23.22.08
DRESS_35,00006356,DRESS,Dataset/DRESS\DRESS_35-3_BD2023_00006356__2024-06-21_23.32.28
DRESS_35,00006357,DRESS,Dataset/DRESS\DRESS_35-4_BD2023_00006357__2024-06-21_23.37.34
DRESS_35,00006358,DRESS,Dataset/DRESS\DRESS_35-5_BD2023_00006358__2024-06-21_23.42.53
DRESS_5,00006322,DRESS,Dataset/DRESS\DRESS_5-1_BD2023_00006322__2024-06-22_02.51.09
DRESS_5,00006323,DRESS,Dataset/DRESS\DRESS_5-2_BD2023_00006323__2024-06-22_02.56.09
DRESS_5,00006324,DRESS,Dataset/DRESS\DRESS_5-3_BD2023_00006324__2024-06-22_03.01.56
DRESS_8,00006325,DRESS,Dataset/DRESS\DRESS_8-1_BD2023_00006325__2024-06-22_03.07.20
DRESS_8,00006326,DRESS,Dataset/DRESS\DRESS_8-2_BD2023_00006326__2024-06-22_03.13.46
ee1ab5b7,ee1ab5b7-a967-4380-8403-8e8f1a56a100,DRESS,Dataset/DRESS\ee1ab5b7-a967-4380-8403-8e8f1a56a100
ef0e94db,ef0e94db-90df-48ae-b2aa-72607815ce6a,DRESS,Dataset/DRESS\ef0e94db-90df-48ae-b2aa-72607815ce6a
SR-00795adaLf52b,1.70258E+12,DRESS,Dataset/DRESS\SR-00795adaLf52b-1702576374995
SR-09e831eaLb532,1.70258E+12,DRESS,Dataset/DRESS\SR-09e831eaLb532-1702576349606
SR-2cb30640Lbcf2,1.70258E+12,DRESS,Dataset/DRESS\SR-2cb30640Lbcf2-1702576355563
SR-37bac9d8L7ca6,1.70258E+12,DRESS,Dataset/DRESS\SR-37bac9d8L7ca6-1702576359634
SR-475c912eL71b1,1.70258E+12,DRESS,Dataset/DRESS\SR-475c912eL71b1-1702576364760
SR-57a80ed8L4e37,1.70258E+12,DRESS,Dataset/DRESS\SR-57a80ed8L4e37-1702576372890
SR-59286c66Lc1f6,1.70258E+12,DRESS,Dataset/DRESS\SR-59286c66Lc1f6-1702576361680
SR-5cbfd582L3c38,1.70258E+12,DRESS,Dataset/DRESS\SR-5cbfd582L3c38-1702576366800
SR-618cd86eL5d41,1.70258E+12,DRESS,Dataset/DRESS\SR-618cd86eL5d41-1702576347555
SR-65576454L0ab7,1.70258E+12,DRESS,Dataset/DRESS\SR-65576454L0ab7-1702576370806
SR-c9a1073bLddb3,1.70258E+12,DRESS,Dataset/DRESS\SR-c9a1073bLddb3-1702576353595
SR-e6f213fbL1fb9,1.70258E+12,DRESS,Dataset/DRESS\SR-e6f213fbL1fb9-1702576368849
3be35919,3be35919-9ab1-4f62-bdec-18d98d82efa6,MDE,Dataset/MDE\3be35919-9ab1-4f62-bdec-18d98d82efa6
448746e0,448746e0-e43f-446c-8017-2148bda88d92,MDE,Dataset/MDE\448746e0-e43f-446c-8017-2148bda88d92
8384f1ea,8384f1ea-6fad-4fdc-97b7-1f305fbea16a,MDE,Dataset/MDE\8384f1ea-6fad-4fdc-97b7-1f305fbea16a
a4de35f1,a4de35f1-b557-417a-a5d4-efc3334a628c,MDE,Dataset/MDE\a4de35f1-b557-417a-a5d4-efc3334a628c
MDE_1,00006359,MDE,Dataset/MDE\MDE_1-1_BD2023_00006359__2024-06-21_23.47.43
MDE_1,00006360,MDE,Dataset/MDE\MDE_1-2_BD2023_00006360__2024-06-21_23.56.48
MDE_11,00006378,MDE,Dataset/MDE\MDE_11-1_BD2023_00006378__2024-06-21_18.42.37
MDE_11,00006379,MDE,Dataset/MDE\MDE_11-2_BD2023_00006379__2024-06-21_18.50.46
MDE_11,00006380,MDE,Dataset/MDE\MDE_11-3_BD2023_00006380__2024-06-21_18.59.49
MDE_11,00006381,MDE,Dataset/MDE\MDE_11-4_BD2023_00006381__2024-06-21_19.13.04
MDE_12,00006382,MDE,Dataset/MDE\MDE_12-1_BD2023_00006382__2024-06-21_19.19.05
MDE_12,00006383,MDE,Dataset/MDE\MDE_12-2_BD2023_00006383__2024-06-21_19.27.22
MDE_12,00006384,MDE,Dataset/MDE\MDE_12-3_BD2023_00006384__2024-06-21_19.35.21
MDE_13,00006385,MDE,Dataset/MDE\MDE_13-1_BD2023_00006385__2024-06-21_19.43.33
MDE_13,00006386,MDE,Dataset/MDE\MDE_13-2_BD2023_00006386__2024-06-21_19.53.13
MDE_15,00006387,MDE,Dataset/MDE\MDE_15-1_BD2023_00006387__2024-06-21_19.58.34
MDE_15,00006388,MDE,Dataset/MDE\MDE_15-2_BD2023_00006388__2024-06-21_20.06.40
MDE_16,00006389,MDE,Dataset/MDE\MDE_16-1_BD2023_00006389__2024-06-21_20.18.07
MDE_16,00006390,MDE,Dataset/MDE\MDE_16-2_BD2023_00006390__2024-06-21_20.20.26
MDE_17,00006391,MDE,Dataset/MDE\MDE_17-1_BD2023_00006391__2024-06-21_20.26.31
MDE_17,00006392,MDE,Dataset/MDE\MDE_17-2_BD2023_00006392__2024-06-21_20.35.17
MDE_18,00006393,MDE,Dataset/MDE\MDE_18-1_BD2023_00006393__2024-06-21_20.42.59
MDE_18,00006394,MDE,Dataset/MDE\MDE_18-2_BD2023_00006394__2024-06-21_20.49.57
MDE_19,00006395,MDE,Dataset/MDE\MDE_19-1_BD2023_00006395__2024-06-21_20.56.55
MDE_19,00006396,MDE,Dataset/MDE\MDE_19-2_BD2023_00006396__2024-06-21_21.00.43
MDE_19,00006397,MDE,Dataset/MDE\MDE_19-3_BD2023_00006397__2024-06-21_21.04.22
MDE_2,00006361,MDE,Dataset/MDE\MDE_2-1_BD2023_00006361__2024-06-22_00.03.57
MDE_2,00006362,MDE,Dataset/MDE\MDE_2-2_BD2023_00006362__2024-06-22_00.10.25
MDE_22,00006398,MDE,Dataset/MDE\MDE_22-1_BD2023_00006398__2024-06-21_21.08.14
MDE_22,00006399,MDE,Dataset/MDE\MDE_22-2_BD2023_00006399__2024-06-21_21.17.56
MDE_23,00006400,MDE,Dataset/MDE\MDE_23-1_BD2023_00006400__2024-06-21_21.29.42
MDE_23,00006401,MDE,Dataset/MDE\MDE_23-2_BD2023_00006401__2024-06-21_21.40.26
MDE_23,00006402,MDE,Dataset/MDE\MDE_23-3_BD2023_00006402__2024-06-21_21.52.10
MDE_23,00006403,MDE,Dataset/MDE\MDE_23-4_BD2023_00006403__2024-06-21_22.03.39
MDE_3,00006363,MDE,Dataset/MDE\MDE_3-1_BD2023_00006363__2024-06-22_00.14.59
MDE_3,00006364,MDE,Dataset/MDE\MDE_3-2_BD2023_00006364__2024-06-22_00.25.21
MDE_4,00006365,MDE,Dataset/MDE\MDE_4-1_BD2023_00006365__2024-06-22_00.40.38
MDE_4,00006366,MDE,Dataset/MDE\MDE_4-2_BD2023_00006366__2024-06-22_00.53.51
MDE_6,00006367,MDE,Dataset/MDE\MDE_6-1_BD2023_00006367__2024-06-22_01.07.23
MDE_6,00006368,MDE,Dataset/MDE\MDE_6-2_BD2023_00006368__2024-06-22_01.12.05
MDE_6,00006369,MDE,Dataset/MDE\MDE_6-3_BD2023_00006369__2024-06-22_01.16.28
MDE_6,00006370,MDE,Dataset/MDE\MDE_6-4_BD2023_00006370__2024-06-22_01.18.35
MDE_6,00006371,MDE,Dataset/MDE\MDE_6-5_BD2023_00006371__2024-06-22_01.22.59
MDE_7,00006372,MDE,Dataset/MDE\MDE_7-1_BD2023_00006372__2024-06-22_01.30.48
MDE_7,00006373,MDE,Dataset/MDE\MDE_7-2_BD2023_00006373__2024-06-22_01.37.09
MDE_7,00006374,MDE,Dataset/MDE\MDE_7-3_BD2023_00006374__2024-06-22_01.44.16
MDE_9,00006375,MDE,Dataset/MDE\MDE_9-1_BD2023_00006375__2024-06-22_01.50.58
MDE_9,00006376,MDE,Dataset/MDE\MDE_9-2_BD2023_00006376__2024-06-22_01.57.59
MDE_9,00006377,MDE,Dataset/MDE\MDE_9-3_BD2023_00006377__2024-06-22_02.04.36
MDE_missing1,missing1,MDE,Dataset/MDE\MDE_missing1
MDE_missing2,missing2,MDE,Dataset/MDE\MDE_missing2
S12-42197,H-1,DRESS,Dataset/OSU/DRESS\S12-42197  H-1
S12-42197,H-2,DRESS,Dataset/OSU/DRESS\S12-42197  H-2
S12-42197,H-3,DRESS,Dataset/OSU/DRESS\S12-42197  H-3
S12-44902,I-1,DRESS,Dataset/OSU/DRESS\S12-44902  I-1
S12-44902,I-2,DRESS,Dataset/OSU/DRESS\S12-44902  I-2
S12-44902,I-3,DRESS,Dataset/OSU/DRESS\S12-44902  I-3
S12-56600,J-1,DRESS,Dataset/OSU/DRESS\S12-56600  J-1
S12-56600,J-2,DRESS,Dataset/OSU/DRESS\S12-56600  J-2
S12-56600,J-4,DRESS,Dataset/OSU/DRESS\S12-56600  J-4
S12-56600,J-5,DRESS,Dataset/OSU/DRESS\S12-56600  J-5
S12-56600,J-6,DRESS,Dataset/OSU/DRESS\S12-56600  J-6
S12-56600,J-8,DRESS,Dataset/OSU/DRESS\S12-56600  J-8
S12-7801,D-1,DRESS,Dataset/OSU/DRESS\S12-7801  D-1
S13-10897,L-1,DRESS,Dataset/OSU/DRESS\S13-10897  L-1
S13-10897,L-2,DRESS,Dataset/OSU/DRESS\S13-10897  L-2
S14-57641,M-1,DRESS,Dataset/OSU/DRESS\S14-57641  M-1
S14-57641,M-3,DRESS,Dataset/OSU/DRESS\S14-57641  M-3
S14-57641,M-4,DRESS,Dataset/OSU/DRESS\S14-57641  M-4
S14-57641,M-5,DRESS,Dataset/OSU/DRESS\S14-57641  M-5
S15-57917,P-1,DRESS,Dataset/OSU/DRESS\S15-57917  P-1
S15-57917,P-3,DRESS,Dataset/OSU/DRESS\S15-57917  P-3
S15-57917,P-4,DRESS,Dataset/OSU/DRESS\S15-57917  P-4
S15-57917,P-5,DRESS,Dataset/OSU/DRESS\S15-57917  P-5
S15-57917,P-6,DRESS,Dataset/OSU/DRESS\S15-57917  P-6
S15-62345,Q-1,DRESS,Dataset/OSU/DRESS\S15-62345  Q-1
S15-62345,Q-2,DRESS,Dataset/OSU/DRESS\S15-62345  Q-2
S15-62345,Q-3,DRESS,Dataset/OSU/DRESS\S15-62345  Q-3
S15-62345,Q-4,DRESS,Dataset/OSU/DRESS\S15-62345  Q-4
S15-62345,Q-5,DRESS,Dataset/OSU/DRESS\S15-62345  Q-5
S15-67752,R-2,DRESS,Dataset/OSU/DRESS\S15-67752  R-2
S15-67752,R-5,DRESS,Dataset/OSU/DRESS\S15-67752  R-5
S15-67752,R-6,DRESS,Dataset/OSU/DRESS\S15-67752  R-6
S15-67752,R-7,DRESS,Dataset/OSU/DRESS\S15-67752  R-7
S15-67752,R-8,DRESS,Dataset/OSU/DRESS\S15-67752  R-8
S15-6860,N-1,DRESS,Dataset/OSU/DRESS\S15-6860  N-1
S16-35505,U-1,DRESS,Dataset/OSU/DRESS\S16-35505  U-1
S16-35505,U-2,DRESS,Dataset/OSU/DRESS\S16-35505  U-2
S16-35505,U-3,DRESS,Dataset/OSU/DRESS\S16-35505  U-3
S16-35505,U-4,DRESS,Dataset/OSU/DRESS\S16-35505  U-4
S16-35505,U-7,DRESS,Dataset/OSU/DRESS\S16-35505  U-7
S16-54743,V-1,DRESS,Dataset/OSU/DRESS\S16-54743  V-1
S16-54743,V-6,DRESS,Dataset/OSU/DRESS\S16-54743  V-6
S16-54743,V-7,DRESS,Dataset/OSU/DRESS\S16-54743  V-7
S17-3244,X-1,DRESS,Dataset/OSU/DRESS\S17-3244  X-1
S17-3244,X-2,DRESS,Dataset/OSU/DRESS\S17-3244  X-2
S17-3244,X-3,DRESS,Dataset/OSU/DRESS\S17-3244  X-3
S17-3244,X-4,DRESS,Dataset/OSU/DRESS\S17-3244  X-4
S17-3244,X-5,DRESS,Dataset/OSU/DRESS\S17-3244  X-5
S17-3244,X-6,DRESS,Dataset/OSU/DRESS\S17-3244  X-6
S17-37475,Z-1,DRESS,Dataset/OSU/DRESS\S17-37475  Z-1
S17-37475,Z-3,DRESS,Dataset/OSU/DRESS\S17-37475  Z-3
S17-37475,Z-4,DRESS,Dataset/OSU/DRESS\S17-37475  Z-4
S17-37475,Z-5,DRESS,Dataset/OSU/DRESS\S17-37475  Z-5
S17-37475,Z-7,DRESS,Dataset/OSU/DRESS\S17-37475  Z-7
S17-54380,CC-1,DRESS,Dataset/OSU/DRESS\S17-54380  CC-1
S17-54380,CC-2,DRESS,Dataset/OSU/DRESS\S17-54380  CC-2
S17-54380,CC-3,DRESS,Dataset/OSU/DRESS\S17-54380  CC-3
S17-64013,A-1,DRESS,Dataset/OSU/DRESS\S17-64013  A-1
S17-72441,EE-1,DRESS,Dataset/OSU/DRESS\S17-72441  EE-1
S17-72441,EE-2,DRESS,Dataset/OSU/DRESS\S17-72441  EE-2
S17-72441,EE-3,DRESS,Dataset/OSU/DRESS\S17-72441  EE-3
S18-69600,(A1),DRESS,Dataset/OSU/DRESS\S18-69600 (A1)
S18-69600,1D),DRESS,Dataset/OSU/DRESS\S18-69600 (B 1D)
S19-37337,(A1),DRESS,Dataset/OSU/DRESS\S19-37337 (A1)
S19-37337,(B1),DRESS,Dataset/OSU/DRESS\S19-37337 (B1)
S20-019458,(A1-1),DRESS,Dataset/OSU/DRESS\S20-019458 (A1-1)
S22-027854,GG-1,DRESS,Dataset/OSU/DRESS\S22-027854  GG-1
S22-027854,GG-2,DRESS,Dataset/OSU/DRESS\S22-027854  GG-2
S10-10100,B-1,MDE,Dataset/OSU/MDE\S10-10100  B-1
S10-10100,B-2,MDE,Dataset/OSU/MDE\S10-10100  B-2
S10-10100,B-3,MDE,Dataset/OSU/MDE\S10-10100  B-3
S10-10100,B-4,MDE,Dataset/OSU/MDE\S10-10100  B-4
S12-21148,E-1,MDE,Dataset/OSU/MDE\S12-21148  E-1
S12-21148,E-2,MDE,Dataset/OSU/MDE\S12-21148  E-2
S12-29411,F-1,MDE,Dataset/OSU/MDE\S12-29411  F-1
S12-29411,F-2,MDE,Dataset/OSU/MDE\S12-29411  F-2
S12-29411,F-3,MDE,Dataset/OSU/MDE\S12-29411  F-3
S12-29411,F-5,MDE,Dataset/OSU/MDE\S12-29411  F-5
S12-35327,G-1,MDE,Dataset/OSU/MDE\S12-35327  G-1
S12-35327,G-2,MDE,Dataset/OSU/MDE\S12-35327  G-2
S12-35327,G-3,MDE,Dataset/OSU/MDE\S12-35327  G-3
S12-35327,G-4,MDE,Dataset/OSU/MDE\S12-35327  G-4
S12-3667,C-1,MDE,Dataset/OSU/MDE\S12-3667  C-1
S12-3667,C-10,MDE,Dataset/OSU/MDE\S12-3667  C-10
S12-3667,C-2,MDE,Dataset/OSU/MDE\S12-3667  C-2
S12-3667,C-3,MDE,Dataset/OSU/MDE\S12-3667  C-3
S13-7897,K-1,MDE,Dataset/OSU/MDE\S13-7897  K-1
S15-27609,O-1,MDE,Dataset/OSU/MDE\S15-27609  O-1
S15-27609,O-4,MDE,Dataset/OSU/MDE\S15-27609  O-4
S16-20232,S-1,MDE,Dataset/OSU/MDE\S16-20232  S-1
S16-20232,S-4,MDE,Dataset/OSU/MDE\S16-20232  S-4
S16-20232,S-5,MDE,Dataset/OSU/MDE\S16-20232  S-5
S16-20232,S-6,MDE,Dataset/OSU/MDE\S16-20232  S-6
S16-20232,S-7,MDE,Dataset/OSU/MDE\S16-20232  S-7
S16-20232,S-8,MDE,Dataset/OSU/MDE\S16-20232  S-8
S16-20232,S-9,MDE,Dataset/OSU/MDE\S16-20232  S-9
S16-29825,T-1,MDE,Dataset/OSU/MDE\S16-29825  T-1
S16-29825,T-2,MDE,Dataset/OSU/MDE\S16-29825  T-2
S16-29825,T-3,MDE,Dataset/OSU/MDE\S16-29825  T-3
S16-29825,T-4,MDE,Dataset/OSU/MDE\S16-29825  T-4
S16-55051,W-1,MDE,Dataset/OSU/MDE\S16-55051  W-1
S16-55051,W-2,MDE,Dataset/OSU/MDE\S16-55051  W-2
S16-55051,W-3,MDE,Dataset/OSU/MDE\S16-55051  W-3
S16-55051,W-4,MDE,Dataset/OSU/MDE\S16-55051  W-4
S16-55051,W-5,MDE,Dataset/OSU/MDE\S16-55051  W-5
S17-23631,Y-1,MDE,Dataset/OSU/MDE\S17-23631  Y-1
S17-44439,AA-1,MDE,Dataset/OSU/MDE\S17-44439  AA-1
S17-48071,BB-1,MDE,Dataset/OSU/MDE\S17-48071  BB-1
S17-48071,BB-2,MDE,Dataset/OSU/MDE\S17-48071  BB-2
S17-48071,BB-3,MDE,Dataset/OSU/MDE\S17-48071  BB-3
S17-48071,BB-4,MDE,Dataset/OSU/MDE\S17-48071  BB-4
S17-48071,BB-5,MDE,Dataset/OSU/MDE\S17-48071  BB-5
S17-59836,DD-1,MDE,Dataset/OSU/MDE\S17-59836  DD-1
S19-071433,FF-1,MDE,Dataset/OSU/MDE\S19-071433  FF-1
S19-071433,FF-4,MDE,Dataset/OSU/MDE\S19-071433  FF-4
S19-071433,FF-5,MDE,Dataset/OSU/MDE\S19-071433  FF-5
S21-057394,(A1-3),MDE,Dataset/OSU/MDE\S21-057394 (A1-3)
